<component name="ProjectRunConfigurationManager">
  <configuration default="false" name="pandaEdit" type="Application" factoryName="Application">
    <option name="MAIN_CLASS_NAME" value="Main" />
    <module name="HW8" />
    <option name="PROGRAM_PARAMETERS" value="load res/panda.ppm panda brighten 50 panda pandaBright darken 50 panda pandaDark red-component panda pandaRed green-component panda pandaGreen blue-component panda pandaBlue value-component panda pandaValue intensity-component panda pandaIntensity luma-component panda pandaLuma save res/pandaBright.ppm pandaBright save res/pandaDark.ppm pandaDark save res/pandaRed.ppm pandaRed save res/pandaBlue.ppm pandaBlue save res/pandaGreen.ppm pandaGreen save res/pandaValue.ppm pandaValue save res/pandaIntensity.ppm pandaIntensity save res/pandaLuma.ppm pandaLuma quit" />
    <method v="2">
      <option name="Make" enabled="true" />
    </method>
  </configuration>
</component>